areacode,areaname,urban_rural,gdp_per_capita_band,frac_pop_white,frac_pop_agebin0,frac_pop_agebin10,frac_pop_agebin20,frac_pop_agebin30,frac_pop_agebin40,frac_pop_agebin50,frac_pop_agebin60,frac_pop_agebin70,frac_pop_agebin80,frac_pop_agebin90,frac_pop_below30,frac_pop_above70,clus10,clus30,clus50
E07000223,Adur,4,2,.95195448,.11829462,.10416084,.089171879,.11562024,.13634667,.14177318,.11655316,.10954069,.056379639,.012159094,.31162733,.17807943,6,3,13
E07000026,Allerdale,1,3,.98836899,.09975858,.1035026,.10081223,.10469946,.11754777,.15687017,.13638037,.11428455,.05419616,.011948116,.30407339,.18042882,7,17,19
E07000032,Amber Valley,5,6,.97934341,.10476577,.10248706,.1075127,.11530087,.12845024,.15440562,.12622617,.10610022,.044450339,.010300992,.31476554,.16085155,3,5,42
E07000224,Arun,4,1,.96641225,.10137922,.095257647,.092601232,.10229994,.11216663,.14144318,.13432622,.13502298,.068817928,.016685018,.2892381,.22052594,6,27,48
E07000170,Ashfield,4,3,.97364819,.11990807,.11076194,.11783651,.12923399,.12572406,.14565012,.11117625,.091985025,.040242959,.0074810628,.34850651,.13970904,10,13,11
E07000105,Ashford,3,5,.93104297,.12835422,.12230144,.10456611,.11997877,.13043077,.14501281,.10571976,.093698807,.040592819,.0093445005,.35522178,.14363612,4,11,28
E07000200,Babergh,1,4,.97559386,.09916763,.11069698,.087888204,.097385518,.12198726,.1527829,.13398388,.12379111,.058287874,.014028644,.2977528,.19610763,7,17,37
E09000002,Barking and Dagenham,6,2,.53946817,.17956908,.14204788,.13642064,.16482928,.13869879,.10815762,.065182976,.038404267,.021043435,.0056460286,.45803761,.065093733,6,4,1
E09000003,Barnet,6,5,.62453961,.13656113,.11871202,.12601736,.1609603,.14373513,.12229144,.086626045,.062375907,.033543501,.0091771623,.3812905,.10509657,3,30,33
E08000016,Barnsley,5,3,.97559422,.11788081,.10761216,.11928642,.12875302,.12228803,.14649935,.11755675,.091016255,.041082684,.0080245314,.3447794,.14012347,6,13,23
E07000027,Barrow-in-Furness,3,5,.98164546,.10845709,.10827816,.11607622,.1160464,.11917755,.1515775,.12123516,.10499791,.045684975,.0084690163,.33281147,.1591519,4,11,28
E07000066,Basildon,4,7,.91622734,.13672419,.11707237,.11725398,.13866855,.13043711,.13442196,.098777302,.078639381,.039816462,.0081887087,.37105054,.12664455,9,26,36
E07000084,Basingstoke and Deane,3,10,.91902041,.12833522,.11255946,.10511892,.13640997,.14046998,.14695357,.10275765,.082797281,.03704983,.0075481315,.34601361,.12739524,2,21,10
E07000171,Bassetlaw,2,3,.97065789,.11270244,.10631631,.10649512,.11034383,.12368659,.15336932,.12572163,.10509869,.046899747,.0093663251,.32551387,.16136476,7,17,4
E06000022,Bath and North East Somerset,3,3,.94167405,.10281283,.12246176,.18552147,.10852437,.11219755,.12656434,.100671,.085476451,.04520081,.010569447,.41079605,.14124671,10,12,4
E06000055,Bedford,3,7,.78235477,.13467643,.12094159,.10640459,.13135813,.13420898,.13810436,.10388269,.079454303,.041123718,.0098452233,.36202261,.13042325,4,26,16
E09000004,Bexley,6,6,.79730886,.13044757,.12070125,.12274314,.1419619,.13168398,.13584429,.093294777,.071631379,.041490301,.01020141,.37389195,.12332309,3,30,42
E08000025,Birmingham,6,6,.54242367,.14401568,.13908324,.17789473,.13918307,.11707816,.10943777,.078799151,.055845588,.031561699,.0071009006,.46099365,.094508186,3,30,42
E07000129,Blaby,4,9,.89825952,.11784521,.11262473,.10486294,.13085705,.1282665,.14362262,.11208297,.094195403,.046521477,.0091210855,.33533287,.14983797,9,19,10
E06000008,Blackburn with Darwen,4,3,.66295069,.14435524,.13901171,.12752314,.13901171,.12673497,.12691532,.094673842,.066232949,.030304447,.0052366513,.4108901,.10177404,10,13,11
E06000009,Blackpool,4,2,.96163195,.11991539,.11002044,.11928441,.11521887,.11803678,.15017387,.11603628,.09589503,.045731906,.0096870186,.34922022,.15131396,6,3,13
E07000033,Bolsover,3,8,.97841173,.11089593,.10599232,.11731406,.1223294,.1268854,.15305451,.11933758,.095477514,.040879916,.0078333523,.33420232,.14419079,9,19,12
E08000001,Bolton,6,4,.79694599,.13685429,.12301341,.12226573,.13250034,.12579899,.13324454,.10117752,.081685528,.036341,.0071186628,.38213342,.1251452,3,6,20
E07000136,Boston,3,2,.96437836,.12699205,.1037432,.11293725,.13496023,.11879579,.1322519,.11806882,.096858338,.045015253,.010377171,.34367248,.15225077,7,12,46
E06000058,"Bournemouth, Christchurch and Poole",4,5,.94447762,.10386283,.10646465,.11301795,.11804175,.12225547,.13529868,.11581071,.10943829,.060911503,.014898174,.32334542,.18524797,3,16,30
E06000036,Bracknell Forest,4,10,.89682966,.12655212,.12607893,.11140209,.14724982,.14514497,.14276274,.096986309,.065470651,.031425916,.0069264281,.36403316,.10382299,2,10,8
E08000032,Bradford,6,3,.64397335,.14872438,.14059509,.12225604,.13787916,.12791765,.12127045,.09551537,.064910136,.033915859,.0070158602,.4115755,.10584185,6,2,34
E07000067,Braintree,2,8,.96241856,.11817014,.11539823,.10147312,.12307178,.131879,.14658393,.11475603,.095968597,.042135753,.010563427,.33504149,.14866778,5,9,12
E07000143,Breckland,1,3,.97120059,.10987511,.10093736,.10291638,.11445473,.11427612,.14235397,.12823646,.11702675,.056662951,.013260174,.31372887,.18694986,7,17,19
E09000005,Brent,6,7,.34651133,.14187594,.11637914,.14452022,.16832794,.13366711,.12083683,.08799243,.052118618,.028086497,.0061952835,.40277529,.086400397,1,30,31
E07000068,Brentwood,3,10,.92588508,.11563177,.11290553,.10694674,.12148672,.133625,.14903478,.1053759,.08935596,.052447781,.013189837,.33548403,.15499358,2,21,10
E06000043,Brighton and Hove,4,6,.87789083,.095455498,.10983261,.21560168,.14303885,.13178676,.12792605,.078895345,.058663569,.030490341,.0083092973,.42088979,.097463205,3,5,44
E06000023,"Bristol, City of",4,7,.81430274,.1219869,.10974246,.22087899,.16249886,.11183787,.10189817,.076634571,.056724947,.029946439,.0078507708,.45260835,.094522156,9,26,36
E07000144,Broadland,3,5,.97290045,.099459387,.10325975,.09069638,.10748067,.12609251,.14962111,.12919703,.12021227,.060935792,.013045107,.29341552,.19419317,4,11,28
E09000006,Bromley,6,6,.82397211,.13008533,.11340904,.1006295,.14210659,.14776666,.13963012,.095465928,.078500755,.042644616,.0097614406,.34412387,.13090681,3,30,42
E07000234,Bromsgrove,4,6,.95190662,.11201434,.11041256,.096296892,.11431689,.13157605,.14872508,.1182012,.10154271,.053229086,.01368519,.3187238,.16845699,3,5,44
E07000095,Broxbourne,6,6,.89117634,.13172311,.11611079,.11462048,.13511486,.13026363,.13980164,.097528137,.081206642,.04521301,.0084176986,.36245438,.13483734,3,30,42
E07000172,Broxtowe,5,6,.91717017,.10675108,.10456765,.12386774,.12798029,.12615639,.14029165,.11448514,.098973177,.046579737,.010347156,.33518648,.15590008,3,5,42
E06000060,Buckinghamshire,3,6,.84965897,.12509394,.12304886,.09417595,.11732466,.13955623,.14611018,.10786301,.087409809,.047943212,.011474161,.34231874,.14682718,4,11,41
E07000117,Burnley,4,5,.85543686,.1341617,.11809288,.1190262,.12869672,.11901496,.13480265,.1106938,.088845156,.037602607,.0090633081,.37128079,.13551107,3,16,30
E08000002,Bury,6,2,.87686783,.12795946,.11840962,.11696981,.13287574,.12668195,.13944125,.10390161,.086304568,.039131299,.0083246948,.36333889,.13376056,6,4,1
E08000033,Calderdale,6,5,.88135594,.12190243,.11671932,.11013639,.12404945,.13176736,.14680596,.11435476,.087394066,.038424071,.0084462017,.34875813,.13426434,3,30,33
E07000008,Cambridge,4,10,.81022918,.11217042,.12639903,.25813377,.11708955,.10976695,.10397456,.07706359,.054486897,.031477578,.0094376653,.49670321,.095402136,2,10,8
E09000007,Camden,6,10,.62657762,.11113457,.10893846,.19548263,.18575756,.132129,.10636462,.073671229,.053698931,.025782892,.0070401151,.41555566,.086521938,8,14,43
E07000192,Cannock Chase,3,2,.97477549,.11117837,.10803275,.11984123,.13251303,.12874225,.14880675,.11237906,.089923099,.039851155,.0087323245,.33905235,.13850658,7,12,46
E07000106,Canterbury,4,2,.93062729,.095687561,.12387684,.19749428,.10117788,.099527158,.12110145,.1072003,.095258251,.046183985,.012492291,.41705868,.15393452,6,8,13
E07000028,Carlisle,3,5,.97862452,.11180022,.10518422,.11088005,.11637344,.1217012,.14810078,.12699217,.099313557,.048686001,.010968383,.32786447,.15896794,4,11,28
E07000069,Castle Point,4,1,.96577138,.10473313,.10737802,.10618284,.1069575,.11562254,.14261368,.12626849,.1237896,.056959152,.0094950367,.31829399,.1902438,6,27,48
E06000056,Central Bedfordshire,2,8,.92908466,.12770653,.11129241,.10507043,.14105469,.13557407,.1431922,.10652546,.083480567,.038561739,.0075419014,.34406936,.12958421,5,9,12
E07000130,Charnwood,4,2,.86360359,.10733847,.12131597,.17018884,.12051972,.11711949,.12844461,.10356163,.083257116,.039672889,.0085812667,.39884329,.13151127,6,8,13
E07000070,Chelmsford,4,5,.93177688,.11878924,.11415359,.11252242,.13283633,.13709642,.13701794,.10438341,.089002244,.044736546,.0094618835,.34546524,.14320067,3,16,30
E07000078,Cheltenham,4,4,.93681276,.10977381,.11513828,.13106833,.13528082,.12344289,.13433516,.10419443,.086794302,.04808246,.011889513,.35598043,.14676628,10,7,7
E07000177,Cherwell,3,8,.91206229,.12735257,.11448444,.1004471,.14057279,.13470009,.14311717,.1053233,.082968503,.041945964,.0090880701,.34228411,.13400254,9,19,12
E06000049,Cheshire East,3,10,.96236277,.11032668,.10875174,.094457507,.10949104,.12970498,.15426888,.12257478,.10678631,.05161386,.01202423,.31353593,.1704244,2,21,10
E06000050,Cheshire West and Chester,3,9,.97074884,.11221554,.1083387,.11368757,.11512171,.12495081,.14758514,.11976809,.10023232,.047548119,.010551997,.33424181,.15833244,2,19,10
E07000034,Chesterfield,4,3,.96111941,.10682388,.10134304,.11798572,.1220749,.12624034,.14947908,.12226554,.097844839,.045753065,.010189589,.32615262,.15378749,10,13,11
E07000225,Chichester,2,9,.9647705,.1007926,.10383091,.099281706,.092767507,.11227708,.14687087,.13595608,.12622193,.06555482,.016446499,.30390522,.20822324,2,21,21
E07000118,Chorley,3,1,.96470112,.11412717,.10875578,.10488161,.12964921,.13708456,.14687148,.11509148,.0973363,.038775492,.0074268943,.32776457,.14353868,7,23,14
E07000071,Colchester,3,3,.91221881,.12076528,.11511556,.15734977,.13464817,.12535696,.12577298,.094293788,.081314847,.037812017,.0075706216,.39323062,.12669748,10,12,4
E07000029,Copeland,1,7,.98238951,.10465116,.10160122,.10556028,.11145488,.11739347,.15922755,.13658759,.10542831,.048975043,.0091205025,.31181267,.16352385,5,9,47
E07000150,Corby,4,6,.95037317,.14678963,.11960841,.11467896,.15747933,.12856728,.13740152,.097398192,.064789042,.028233567,.0050540715,.38107699,.098076679,3,5,44
E06000052,Cornwall and Isles of Scilly,1,5,.99023843,.098699316,.090370536,.10682915,.11022463,.11987099,.14675888,.13588849,.12159952,.05357914,.016179349,.295899,.191358,4,25,35
E07000079,Cotswold,1,10,.97442544,.10000557,.10335541,.088264428,.096744753,.12517945,.15825497,.13736576,.11914752,.058561016,.013121139,.29162541,.19082966,2,28,40
E06000047,County Durham,2,2,.97960401,.10681111,.10969546,.1326419,.11535095,.11615457,.14602795,.12367385,.097286567,.044357333,.008000317,.34914845,.14964421,7,12,15
E08000026,Coventry,4,4,.71399504,.12665665,.12156422,.21342711,.14868706,.10904848,.10383493,.07750342,.060872279,.031539679,.006866165,.46164799,.099278122,10,7,38
E07000163,Craven,1,9,.96974045,.092721261,.10234691,.085178249,.09375383,.11732792,.1598208,.14765747,.12511595,.060694098,.015383539,.28024644,.20119359,2,28,50
E07000226,Crawley,4,10,.77928823,.14369217,.11813167,.11725979,.16405694,.14257118,.12693951,.090987541,.057295375,.031094305,.0079715298,.37908363,.096361212,2,10,8
E09000008,Croydon,6,5,.52367467,.14210503,.12408687,.11589492,.1536741,.13847192,.13718417,.091288038,.059006363,.031177515,.0071110697,.38208681,.097294949,3,30,33
E07000096,Dacorum,3,7,.89493847,.13147387,.1149403,.10201194,.14067426,.14070657,.13872306,.10497752,.07571587,.040775057,.01000155,.3484261,.12649247,4,26,16
E06000005,Darlington,4,5,.95713109,.11596794,.11336529,.10935833,.12337334,.12713689,.14352052,.11675436,.092824914,.047737189,.0099612409,.33869156,.15052335,3,16,30
E07000107,Dartford,6,8,.85883117,.14694914,.11805654,.11456706,.16620791,.13862942,.1281876,.084484659,.062073804,.033491973,.0073518967,.37957275,.10291767,1,14,3
E07000151,Daventry,1,9,.9613868,.11362922,.11383864,.10101797,.11280321,.13089408,.1578733,.12350649,.09833052,.03992787,.0081786979,.32848585,.14643709,2,28,50
E06000015,Derby,4,6,.78253299,.13231225,.12654096,.14440282,.13487726,.12134096,.12708504,.091353551,.072772712,.04014644,.0091680009,.40325603,.12208715,3,5,44
E07000035,Derbyshire Dales,1,8,.98424858,.085104614,.10334527,.08806406,.086598165,.11912434,.17080389,.14837299,.12773991,.058151595,.012695163,.27651393,.19858667,5,9,6
E08000017,Doncaster,5,5,.94636691,.12040834,.11332587,.11851349,.13371722,.12063598,.1405496,.11508607,.087442331,.042116467,.0082046315,.35224771,.13776343,3,16,30
E06000059,Dorset,2,7,.97711295,.093999952,.10467745,.084942929,.094546065,.11230414,.15000361,.14600827,.13376433,.064569026,.015184243,.28362033,.21351759,5,9,45
E07000108,Dover,3,2,.96345276,.10672954,.10797403,.10456227,.11026829,.11703254,.14833942,.13309234,.11092862,.049296908,.01177606,.31926584,.1720016,7,12,46
E08000027,Dudley,6,3,.88546473,.12131379,.11557692,.11529086,.12515703,.12414647,.13893484,.10819206,.094603926,.047984477,.0087996414,.35218155,.15138805,6,2,34
E09000009,Ealing,6,7,.47249088,.14346692,.11789745,.12538983,.16183363,.14736377,.1248369,.08802741,.0548895,.029753024,.0065415693,.38675421,.091184095,1,30,31
E07000009,East Cambridgeshire,1,6,.95814639,.12101918,.11558712,.091899775,.12521566,.14107773,.14318153,.1124815,.094927482,.04395739,.010652627,.32850605,.1495375,5,25,45
E07000040,East Devon,2,3,.98136044,.096931241,.099577427,.081368633,.095146604,.11075024,.14187545,.14376949,.14022072,.072137736,.018222472,.2778773,.23058093,7,17,4
E07000085,East Hampshire,1,7,.96151489,.10756539,.1164038,.090836994,.097451493,.13094917,.15672857,.12431832,.10875093,.054019801,.012975546,.31480619,.17574628,5,9,47
E07000242,East Hertfordshire,3,7,.95045537,.12032932,.12029593,.097693704,.12450923,.14636362,.15228626,.10504527,.08236292,.041725647,.0093881041,.33831894,.13347667,4,26,16
E07000137,East Lindsey,1,1,.98288721,.093453392,.093488678,.086601228,.089692108,.10359403,.15345043,.16143875,.14505282,.061422512,.01180605,.2735433,.21828139,7,1,17
E07000152,East Northamptonshire,2,1,.96303076,.11265355,.12030346,.098009758,.11232555,.13329665,.15232089,.11942525,.09860228,.042545311,.010517295,.33096677,.15166488,7,20,15
E06000011,East Riding of Yorkshire,2,5,.97803587,.09849713,.10486388,.08651109,.098793186,.12234902,.15580674,.14120013,.12272422,.058156747,.011097855,.28987211,.19197883,4,25,35
E07000193,East Staffordshire,3,8,.88587797,.12370875,.11362099,.11327861,.12699062,.12562944,.14456071,.11139968,.089804508,.042288452,.0087182354,.35060835,.14081119,9,19,12
E07000244,East Suffolk,2,4,.96665281,.10006286,.10784006,.091667339,.09676972,.11426303,.14627475,.13750708,.12795687,.06284643,.014811853,.29957026,.20561515,10,17,25
E07000061,Eastbourne,4,2,.93420607,.10874071,.10520278,.10797914,.11299201,.11804344,.13673566,.1183712,.11009997,.063007914,.018827181,.32192263,.19193506,6,3,13
E07000086,Eastleigh,4,8,.93917298,.11962543,.11351728,.10677286,.13280736,.13289718,.13936463,.11077759,.089271814,.044343974,.010621893,.33991557,.14423768,9,26,2
E07000030,Eden,1,9,.98908943,.088768288,.098458245,.08925654,.094139077,.1155659,.16718934,.15199715,.12264559,.058027077,.01395279,.27648306,.19462545,2,28,50
E07000207,Elmbridge,6,9,.89451367,.14205928,.12371066,.075119704,.11053766,.16032749,.14937681,.10021565,.080404982,.04484082,.013406923,.34088963,.13865273,8,14,22
E09000010,Enfield,6,5,.58431923,.14541772,.12875789,.12799995,.15200256,.13605875,.12996222,.083263181,.058164094,.031462237,.0069113863,.40217555,.096537717,3,30,33
E07000072,Epping Forest,3,8,.89477283,.12162101,.10827208,.11026151,.12550116,.13260843,.14740767,.10734571,.088354997,.047305916,.011321529,.34015459,.14698245,9,19,12
E07000208,Epsom and Ewell,6,4,.84550899,.13154925,.12465432,.099629208,.12095884,.14807971,.14050274,.098773547,.08327236,.043118093,.0094619226,.35583279,.13585238,3,6,20
E07000036,Erewash,5,1,.96697927,.11117852,.10680176,.11346657,.12422215,.12817425,.15185212,.11149919,.095335491,.046844397,.010625574,.33144683,.15280546,6,29,49
E07000041,Exeter,4,9,.92724699,.099885114,.11956844,.22774687,.13202365,.10705237,.10856647,.086212538,.070683479,.037677564,.0105835,.44720042,.11894454,9,19,10
E07000087,Fareham,4,4,.96181679,.10198832,.106815,.098417781,.11447229,.12561409,.15124452,.12181125,.11010161,.057042561,.012492579,.30722108,.17963675,10,7,7
E07000010,Fenland,2,3,.97082394,.11550624,.10200334,.11007562,.11947364,.11800059,.14222725,.12356869,.10559756,.051104784,.012442306,.32758519,.16914466,7,17,4
E07000112,Folkestone and Hythe,3,2,.94189548,.10435806,.10311897,.10008319,.1103057,.11993521,.1488326,.13032588,.11729772,.051625866,.014116793,.30756024,.18304038,7,12,46
E07000080,Forest of Dean,1,3,.98195064,.10153063,.11048616,.10045873,.09599825,.11657177,.15805307,.13926604,.11635278,.050771076,.010511514,.3124755,.17763537,7,17,19
E07000119,Fylde,4,5,.97132313,.091986328,.10046804,.084160864,.10147099,.11506649,.15958001,.13980585,.12855056,.064758182,.014152695,.27661523,.20746143,3,16,30
E08000037,Gateshead,6,4,.95708305,.10870017,.10896738,.12570266,.13778651,.12272871,.13932049,.11191164,.088832587,.047286332,.0087635089,.3433702,.14488243,3,6,20
E07000173,Gedling,5,2,.92057067,.11006778,.1084137,.10802352,.1241401,.13090058,.14779754,.11759167,.096470468,.048443053,.0081515973,.32650501,.15306512,6,29,24
E07000081,Gloucester,4,4,.88131893,.12965401,.11628051,.1247522,.14017005,.12708308,.13843545,.10049096,.077174455,.037278529,.0086807711,.37068671,.12313376,10,7,7
E07000088,Gosport,4,1,.95834756,.1129,.11537509,.11736696,.12394366,.12230538,.14228299,.11557546,.094478168,.045942601,.0098296897,.34564206,.15025046,6,22,29
E07000109,Gravesham,6,4,.81055278,.13599132,.12303175,.11112877,.1339249,.13160601,.13697311,.099132292,.078767255,.040898379,.008546209,.37015185,.12821184,3,6,20
E07000145,Great Yarmouth,3,1,.9638564,.1124781,.10802811,.10779655,.11256871,.1090349,.14125204,.12870748,.11629382,.051668245,.01217204,.32830274,.1801341,7,23,14
E09000011,Greenwich,6,4,.59749883,.14584281,.11477806,.14546774,.18469024,.14788137,.1152226,.07190907,.046650946,.022208948,.0053482065,.40608862,.074208103,3,6,27
E07000209,Guildford,4,8,.90190369,.10688667,.12486328,.18098734,.1188241,.12470224,.12654755,.093546808,.075033382,.039039906,.009568736,.41273731,.12364203,9,26,2
E09000012,Hackney and City of London,6,10,.55945951,.12086513,.093845561,.18226513,.19005471,.12805206,.1175759,.082174174,.053250462,.023891069,.0080257859,.39697582,.085167319,8,14,43
E06000006,Halton,4,8,.97485703,.12415392,.1191006,.11638077,.12862772,.12684284,.13806212,.12082367,.084368721,.035605006,.0060346159,.35963529,.12600835,9,26,2
E07000164,Hambleton,1,8,.97932202,.096446313,.10141383,.08821442,.099448659,.1155194,.16366614,.140357,.12358753,.0598941,.01145259,.28607458,.19493422,5,9,6
E09000013,Hammersmith and Fulham,6,9,.64667535,.12141164,.095896773,.18254144,.18619259,.14699131,.1173986,.071942836,.049150135,.023332812,.0051418603,.39984986,.077624805,8,14,22
E07000131,Harborough,1,7,.9471193,.10777645,.11856582,.090664849,.10515374,.13627447,.15938845,.12162565,.10243507,.04775257,.010362916,.31700712,.16055056,5,9,47
E09000014,Haringey,6,1,.58957267,.13054839,.1127861,.14733174,.18778823,.15346964,.12259779,.074134871,.044699788,.022642085,.0040013548,.39066625,.071343228,6,24,5
E07000073,Harlow,4,5,.87849802,.15142676,.11568008,.11755182,.15227652,.1263593,.12948269,.095837399,.065361425,.038020324,.0080036744,.38465866,.11138542,3,16,30
E07000165,Harrogate,3,6,.95915043,.10394568,.11789796,.08072298,.10527003,.1306005,.15904598,.12563886,.10669386,.055734485,.014449681,.30256662,.17687802,4,11,39
E09000015,Harrow,6,4,.39663163,.13927376,.11537665,.11945374,.15263179,.13578993,.12425546,.098809525,.067375377,.037947923,.0090858415,.37410414,.11440914,3,6,27
E07000089,Hart,3,9,.94026637,.1217231,.11980717,.087174624,.12048702,.14983365,.14783531,.10329518,.094209991,.045271475,.010362481,.32870489,.14984395,2,19,10
E06000001,Hartlepool,4,1,.9728812,.11909846,.11715531,.12041169,.1247571,.11564989,.14521363,.11855395,.085648395,.04464991,.0088616516,.35666546,.13915996,6,22,29
E07000062,Hastings,4,1,.93117887,.11765848,.10879957,.11239277,.12253574,.12510386,.14848664,.11796062,.093282975,.040690586,.013088751,.33885083,.14706232,6,15,29
E07000090,Havant,4,3,.96708715,.10914176,.10957754,.11178018,.10941907,.11220011,.14649954,.12459988,.10751751,.056420941,.01284347,.33049947,.17678192,10,13,11
E09000016,Havering,6,4,.85724854,.13172434,.11339206,.12336732,.14290944,.12408782,.13120034,.098904997,.078669347,.044740349,.011003999,.36848372,.13441369,3,6,20
E06000019,"Herefordshire, County of",2,6,.97958285,.10307658,.10199244,.10016651,.11462867,.11478947,.14918637,.13527925,.11378833,.054788124,.012304245,.30523553,.1808807,4,25,45
E07000098,Hertsmere,6,9,.83597511,.13353413,.12366918,.10342461,.1279297,.13497336,.1386048,.099917077,.082169712,.044435125,.011342299,.36062792,.13794714,8,14,22
E07000037,High Peak,2,1,.97608459,.10387438,.10598964,.10814807,.11374919,.12527519,.16150442,.12976474,.1005504,.04259659,.0085473778,.31801209,.15169437,7,20,15
E09000017,Hillingdon,6,9,.57253373,.1441322,.12086562,.13739662,.15731007,.13785608,.1210481,.083277397,.058560733,.032609049,.0069441278,.40239444,.098113909,8,14,22
E07000132,Hinckley and Bosworth,2,4,.95975673,.11075952,.10631359,.10299902,.12000495,.12871121,.14880189,.12268312,.1041569,.045714486,.0098553086,.32007211,.15972669,10,17,25
E07000227,Horsham,2,7,.95428687,.10889643,.11440454,.089534596,.10916767,.13133919,.15529808,.12233288,.10411856,.052723452,.012184605,.31283557,.16902661,5,9,45
E09000018,Hounslow,6,10,.49574253,.14664373,.11352303,.12965432,.17392698,.14801747,.1189701,.084332027,.053277452,.026576115,.0050787781,.38982108,.084932342,8,14,43
E07000011,Huntingdonshire,1,8,.94100195,.11696222,.10705055,.10328591,.12932372,.13393117,.14761873,.11423707,.09593644,.042265076,.0093891174,.32729867,.14759064,5,9,6
E07000120,Hyndburn,4,2,.86002243,.1321318,.12115268,.12059756,.1279622,.12238629,.1358943,.10457299,.08937493,.038476247,.007450995,.37388206,.13530217,6,8,13
E07000202,Ipswich,4,9,.87784123,.13291019,.11391259,.12958689,.149534,.12634394,.1259203,.10076545,.071776032,.03917845,.010072163,.37640968,.12102664,9,19,10
E06000046,Isle of Wight,1,3,.97008216,.094494022,.098761946,.09307608,.094924338,.11076858,.15092237,.14738104,.13506402,.059997883,.014609714,.28633204,.20967162,7,17,19
E09000019,Islington,6,10,.63246375,.10511641,.091971703,.25273144,.20760554,.11836423,.10085995,.061450578,.039244395,.01864676,.0040089912,.44981956,.061900146,8,14,43
E09000020,Kensington and Chelsea,6,10,.68924129,.10832362,.094854422,.1353709,.16248862,.15293273,.13365443,.096974395,.073801987,.033215057,.0083838245,.33854893,.11540087,8,14,43
E07000153,Kettering,4,3,.93119675,.1303754,.1179077,.10521404,.13030663,.13645697,.13937494,.10512561,.088767283,.037648723,.0088226916,.35349715,.13523869,10,13,11
E07000146,King's Lynn and West Norfolk,2,6,.96858692,.11150823,.10147982,.093162447,.11003502,.11185175,.14315915,.1334016,.12422541,.059252165,.011924423,.3061505,.195402,4,25,45
E06000010,"Kingston upon Hull, City of",4,4,.93368411,.13141151,.11289633,.16657108,.14382936,.11572172,.12618029,.096767738,.067674674,.033077098,.0058701937,.41087893,.10662197,10,7,7
E09000021,Kingston upon Thames,6,7,.72887981,.12968993,.11380895,.13843884,.16096176,.15033689,.12156072,.084706038,.061129641,.030657774,.008709467,.38193771,.10049688,1,30,31
E08000034,Kirklees,6,3,.76918179,.12736475,.12337423,.12448612,.12857214,.12933841,.13437943,.10459035,.081875071,.038099829,.0079196533,.3752251,.12789455,6,2,34
E08000011,Knowsley,6,6,.96852297,.13213851,.11342065,.13113765,.12943423,.1122077,.14405589,.11739753,.073307171,.039324727,.0075759585,.37669683,.12020785,3,30,42
E09000022,Lambeth,6,8,.53114033,.11240032,.094936207,.20237394,.22837076,.12932768,.11140964,.063133359,.035142928,.018503865,.0044013006,.40971047,.058048096,1,14,3
E07000121,Lancaster,3,2,.95312274,.10626468,.11808328,.17650522,.10434056,.1066002,.13128506,.11037312,.092063189,.044617608,.0098670917,.40085319,.14654788,7,12,46
E08000035,Leeds,6,8,.83131224,.12652904,.1174954,.18360175,.13476963,.11701503,.11761265,.089718662,.070158586,.036211491,.0068877609,.42762619,.11325784,1,14,3
E06000016,Leicester,4,4,.48116738,.13874476,.1327627,.20373152,.13964249,.1126089,.10593237,.082921639,.05050448,.026790805,.0063603465,.47523898,.083655633,10,7,38
E07000063,Lewes,3,1,.96171165,.1016762,.112328,.088216215,.10371941,.122331,.14872807,.12860587,.11617233,.06111224,.017110653,.3022204,.19439521,7,23,14
E09000023,Lewisham,6,1,.50769198,.13725285,.10582107,.15033171,.20049895,.15026958,.12047921,.069138132,.039936304,.021468952,.0048032124,.39340562,.066208467,6,24,5
E07000194,Lichfield,3,3,.96485299,.10417144,.10662466,.10179458,.10958381,.12819779,.14772815,.12124857,.11975945,.050448645,.010442917,.31259069,.18065101,10,12,4
E07000138,Lincoln,4,8,.95150363,.10914455,.12837395,.21822868,.12654163,.1025401,.11523554,.088928491,.06710159,.034985453,.0089200316,.45574719,.11100707,9,26,2
E08000012,Liverpool,6,7,.87664676,.11567075,.10975128,.19941689,.1472038,.10994805,.11897385,.095153376,.063911475,.033639412,.006331109,.4248389,.103882,1,30,31
E06000032,Luton,4,8,.51184064,.16144614,.13057356,.13032478,.16554402,.12735346,.11486267,.078751579,.052962631,.031740963,.0064401957,.42234448,.091143787,9,26,2
E07000110,Maidstone,3,5,.93244028,.12665844,.11365277,.1103126,.13138355,.12950981,.14078721,.10489503,.089637354,.044230949,.008932312,.35062382,.14280061,4,11,28
E07000074,Maldon,1,2,.97877061,.097719923,.10454475,.092420273,.09303651,.12489601,.16170081,.1401633,.12199969,.052857801,.010660915,.29468495,.1855184,7,1,32
E07000235,Malvern Hills,2,3,.97450334,.0932547,.10613013,.085819237,.087662213,.11626015,.1573395,.14338371,.12954231,.064758442,.015849613,.28520405,.21015036,7,17,4
E08000003,Manchester,6,9,.62898654,.13349395,.12139332,.24255875,.16922969,.10850047,.096092351,.064299718,.040266685,.019706475,.0044586011,.497446,.064431764,8,14,22
E07000174,Mansfield,4,1,.96782631,.12212637,.10455298,.11676562,.13197881,.121733,.14616743,.11737854,.089111082,.041641891,.0085442718,.34344497,.13929725,6,22,29
E06000035,Medway,4,2,.88788688,.13438854,.12107712,.12999088,.13829435,.1278154,.13421622,.098837584,.075725704,.033296477,.0063577425,.38545653,.11537992,6,8,13
E07000133,Melton,1,7,.97734553,.10698383,.10850715,.09475822,.10260917,.12262714,.16670573,.13282165,.10813608,.046090148,.010760878,.31024921,.1649871,5,9,47
E07000187,Mendip,1,6,.97763163,.10828538,.11659239,.090901226,.10467702,.12286592,.15457967,.13104314,.10783542,.050378576,.012841258,.315779,.17105526,5,25,45
E09000024,Merton,6,7,.63335866,.1408077,.10559851,.12371149,.17988545,.15223907,.12470405,.082096674,.055036142,.029544342,.0063765813,.37011769,.090957068,1,30,31
E07000042,Mid Devon,1,2,.9858554,.10947468,.1170938,.093884051,.10546462,.12199093,.15071756,.13092244,.10885494,.049797673,.011799303,.32045254,.17045192,7,1,32
E07000203,Mid Suffolk,1,6,.9744814,.097511671,.10933243,.094662368,.10912066,.12156712,.1538817,.13468739,.11611879,.051691774,.011426096,.30150646,.17923667,5,25,45
E07000228,Mid Sussex,4,3,.9436065,.12144106,.11659428,.087924093,.12228858,.14452949,.14396006,.11040999,.093446247,.047785841,.011620361,.32595944,.15285245,10,13,11
E06000002,Middlesbrough,4,3,.86280584,.13729343,.12073906,.15741542,.12820767,.10950422,.12547699,.10474502,.07226754,.037804101,.0065465635,.41544789,.1166182,10,13,11
E06000042,Milton Keynes,4,10,.77813071,.14759494,.12688422,.10561316,.15385529,.14747991,.12563735,.096135437,.063026488,.027616765,.006156438,.38009232,.096799694,2,10,8
E07000210,Mole Valley,3,10,.94337785,.10507192,.11474583,.087145396,.095902346,.13579002,.1585535,.12372056,.10590865,.05907502,.014086767,.30696315,.17907043,2,21,10
E07000091,New Forest,3,9,.97147477,.094793595,.10084626,.087758072,.092772342,.11253512,.14887887,.14027743,.13236454,.070521861,.019251913,.28339791,.22213832,2,19,10
E07000175,Newark and Sherwood,2,5,.97147411,.11155496,.10891639,.1067843,.1131724,.1224033,.15059429,.12482947,.10510967,.046987705,.0096475109,.32725567,.16174489,4,25,35
E08000021,Newcastle upon Tyne,6,8,.83773857,.11237647,.12056845,.23216237,.13064581,.10210099,.10861892,.08897268,.062613711,.03413162,.0078089661,.46510729,.1045543,1,14,3
E07000195,Newcastle-under-Lyme,4,1,.94645894,.098237187,.11184841,.15158515,.11801285,.1183682,.1368461,.1134629,.095154963,.046804994,.0096792635,.36167073,.15163922,6,22,29
E09000025,Newham,6,3,.27114046,.14927308,.11754328,.17957002,.21217768,.12876269,.10000057,.061633129,.03183458,.016010739,.0031942187,.4463864,.051039539,6,2,34
E07000043,North Devon,2,8,.97625762,.1068406,.10523444,.094053082,.10461669,.11718798,.15037169,.13277598,.11987521,.055711139,.013333196,.30612811,.18891954,5,9,12
E07000038,North East Derbyshire,4,2,.97751647,.10038245,.099978313,.10234397,.10778496,.12063833,.1519832,.13380712,.1202342,.053690415,.0091570402,.30270472,.18308166,6,3,13
E06000012,North East Lincolnshire,4,2,.97006834,.12173788,.11393698,.11268383,.12444469,.11720771,.14266559,.11654981,.093103252,.04763874,.010031517,.34835869,.15077351,6,3,13
E07000099,North Hertfordshire,3,5,.88557845,.12440019,.11161433,.099120408,.13342066,.14327955,.14109369,.10423326,.085346408,.047041211,.010450275,.33513492,.1428379,4,11,28
E07000139,North Kesteven,1,4,.97947782,.10800869,.10503174,.099043608,.11780356,.12291057,.15059282,.12041267,.11428767,.052515868,.0093928035,.31208402,.17619634,7,17,37
E06000013,North Lincolnshire,3,8,.95456737,.11242085,.11375574,.10467269,.12233965,.11948995,.14895618,.12611216,.097609386,.044910301,.0097330799,.33084929,.15225276,9,19,12
E07000147,North Norfolk,1,1,.98562241,.083565488,.088039994,.08113265,.088412076,.10043314,.14714357,.163019,.1527534,.077316441,.018184246,.25273812,.24825409,7,1,17
E06000024,North Somerset,3,4,.96840125,.11318824,.10873326,.09150856,.11350911,.12900856,.14324312,.12022415,.11261626,.055054873,.012913876,.31343007,.18058501,10,7,9
E08000022,North Tyneside,6,4,.96177286,.11300291,.1063752,.10470144,.13403554,.13156819,.14400597,.12140057,.090912148,.044931822,.0090662045,.32407954,.14491017,3,6,20
E07000218,North Warwickshire,1,10,.97680086,.10956007,.10588253,.10664869,.11519897,.12586384,.15392041,.12330488,.1039978,.045693446,.0099293608,.32209128,.1596206,2,28,40
E07000134,North West Leicestershire,2,10,.97241443,.11283239,.11040008,.11107572,.12084359,.13398002,.15065876,.11649052,.096394964,.03858887,.0087350998,.33430821,.14371893,2,21,21
E07000154,Northampton,4,8,.83106428,.14263773,.12119243,.12499443,.14649761,.13278989,.12686427,.094382465,.0699009,.033060573,.007679705,.38882458,.11064118,9,26,2
E06000057,Northumberland,2,2,.9822064,.098182797,.10315149,.095450327,.10742543,.1179459,.15527621,.1448829,.11493119,.051826969,.010926776,.29678461,.17768493,7,12,15
E07000148,Norwich,4,7,.8981939,.11010734,.11530007,.21869954,.14504094,.10867756,.10778839,.082984187,.066715986,.035018958,.0096670249,.44410697,.11140197,9,26,36
E06000018,Nottingham,5,10,.68085963,.12251268,.13693495,.2467857,.12913051,.10476197,.1030677,.074613683,.049352936,.026597533,.00624234,.50623333,.082192808,8,10,43
E07000219,Nuneaton and Bedworth,4,2,.9044686,.1264513,.11106834,.11596502,.13083212,.12409534,.14107974,.11191525,.090719409,.040982723,.006890764,.35348466,.1385929,6,8,13
E07000135,Oadby and Wigston,4,1,.70423353,.11326146,.1302831,.11213954,.11503199,.11802962,.13689193,.10928214,.093329825,.057708826,.014041546,.3556841,.16508019,6,18,18
E08000004,Oldham,6,2,.7424584,.14169256,.13345198,.12705435,.13494068,.12254606,.12783876,.09629342,.075232267,.033885941,.0070639635,.40219891,.11618217,6,4,1
E07000178,Oxford,4,9,.74128443,.11169051,.13310638,.27312618,.11683951,.10222554,.098867223,.073496133,.053792216,.02866382,.008192474,.51792306,.09064851,9,19,10
E07000122,Pendle,4,4,.77418828,.13574538,.11904994,.11236309,.13657038,.12169863,.12908024,.11275388,.086516649,.038362589,.0078592282,.36715841,.13273847,10,7,38
E06000031,Peterborough,4,8,.80723327,.15635815,.11971225,.11759616,.15621477,.1309997,.12256007,.090403438,.065148816,.033575594,.0074310293,.39366657,.10615544,9,26,2
E06000026,Plymouth,4,3,.95782882,.11684635,.11234463,.15818588,.12863475,.11406139,.12921846,.10423772,.085773036,.041762996,.0089347707,.38737687,.13647081,10,13,11
E06000044,Portsmouth,4,5,.87190807,.11728303,.12227568,.20135309,.13773288,.11452381,.11899533,.083479129,.064574063,.032287031,.0074959518,.4409118,.10435705,3,16,30
E07000123,Preston,4,7,.78089917,.13096029,.12187795,.1755825,.13150522,.11835679,.12491704,.091619797,.064722113,.034219444,.0062388652,.42842072,.10518042,9,26,36
E06000038,Reading,4,10,.72321117,.13859838,.11795975,.17186496,.15519458,.13258418,.1159818,.076361075,.055295952,.02922415,.0069351727,.42842308,.091455273,2,10,8
E09000026,Redbridge,6,2,.38906217,.14446817,.12736554,.13400018,.1636382,.14086746,.11678287,.083278731,.053529304,.028700985,.007368552,.4058339,.089598842,6,4,1
E06000003,Redcar and Cleveland,3,1,.98277104,.11229065,.10849198,.11236356,.11517794,.11140843,.14806092,.12620942,.10635567,.050009843,.0096315797,.33314618,.1659971,7,23,14
E07000236,Redditch,4,5,.90985954,.12745374,.11474237,.11434367,.14127912,.12992799,.12921269,.11602055,.086083166,.033349749,.0075869509,.35653979,.12701987,3,16,30
E07000211,Reigate and Banstead,4,9,.89414775,.13192707,.11479256,.09662284,.1325724,.14705843,.14132452,.10045441,.080476463,.042617839,.012153478,.34334248,.13524778,9,19,10
E07000124,Ribble Valley,1,9,.97687137,.094814137,.11997963,.092547268,.09640751,.12592605,.16308294,.13131396,.11151995,.052679993,.011728567,.30734104,.1759285,2,28,50
E09000027,Richmond upon Thames,6,9,.84853947,.13387573,.11516979,.089595579,.14191563,.16970183,.14012787,.095468961,.07153102,.033301011,.0093125673,.33864111,.1141446,8,14,22
E07000166,Richmondshire,1,2,.94623673,.10302139,.10873653,.11774671,.13066627,.1142655,.14501926,.12511867,.10043375,.046112031,.0088798702,.32950464,.15542565,7,1,32
E08000005,Rochdale,6,1,.79369754,.13840419,.12282114,.12764083,.13635403,.12359894,.13176364,.10331758,.074849047,.033971611,.0072789891,.38886616,.11609965,6,24,5
E07000075,Rochford,4,1,.96775889,.10281208,.11082371,.10447163,.10832866,.13023475,.14921086,.12039188,.10988521,.053552013,.01028922,.31810743,.17372644,6,27,48
E07000125,Rossendale,4,1,.92673886,.12142577,.11711711,.10679313,.1252588,.13305075,.1489704,.11630575,.087068439,.036105983,.0079038665,.34533602,.13107829,6,15,29
E07000064,Rother,2,1,.96683395,.089744121,.0960005,.083800048,.084726527,.1013408,.14914326,.1514959,.14978868,.073900193,.020059962,.26954466,.24374883,7,20,15
E08000018,Rotherham,5,4,.92582196,.12194221,.11524362,.11640777,.12579258,.1218631,.14158212,.11370649,.09237875,.042621568,.0084617734,.35359362,.14346209,3,6,26
E07000220,Rugby,4,6,.89687335,.12562652,.11903538,.10444856,.13485229,.13454936,.138818,.099913709,.089421116,.042502798,.010832247,.34911045,.14275616,3,5,44
E07000212,Runnymede,6,10,.88003308,.11127883,.11531538,.17653438,.1251775,.12421589,.12896806,.091263853,.074994691,.04221037,.010041037,.40312859,.1272461,8,14,43
E07000176,Rushcliffe,2,6,.92109126,.11056115,.11344703,.10893365,.11696211,.13554417,.14485617,.11317019,.096458919,.048372079,.011694533,.33294183,.15652554,4,25,45
E07000092,Rushmoor,4,9,.84088558,.1319032,.10861249,.12308993,.15441193,.14398183,.13981824,.089982033,.068973899,.031343125,.0078833355,.36360562,.10820036,9,19,10
E06000017,Rutland,1,3,.96927547,.096960127,.11896349,.090168662,.10510488,.12357467,.14653033,.12913816,.11871288,.057614714,.013232088,.30609226,.18955968,7,17,19
E07000167,Ryedale,1,7,.98513287,.09408024,.10152284,.089672491,.095633797,.113319,.16050364,.14867136,.12356161,.060173057,.012861969,.28527558,.19659664,5,9,47
E08000006,Salford,6,8,.88749206,.13385282,.11229543,.16845667,.16405635,.11478342,.11822179,.085982293,.06454853,.030949144,.0068535488,.41460493,.10235122,1,14,3
E08000028,Sandwell,6,3,.67121232,.14509234,.1282707,.12760393,.14745803,.12678492,.12595373,.089189701,.067731075,.034973785,.0069417804,.40096697,.10964664,6,2,34
E07000168,Scarborough,3,2,.96950692,.098578341,.09849558,.096454121,.097070239,.10755338,.15226308,.14810659,.12787597,.061041325,.012561382,.29352805,.20147868,7,12,46
E07000188,Sedgemoor,2,6,.98206371,.11093067,.10939606,.098645642,.10778837,.11615161,.15197551,.13035288,.110817,.051048245,.012894006,.31897238,.17475925,4,25,45
E08000014,Sefton,6,1,.96939057,.10886411,.105818,.10520661,.1115593,.11506125,.1492884,.12948506,.10410682,.058397066,.012213387,.31988871,.17471728,6,24,5
E07000169,Selby,1,9,.98154503,.11504542,.10823519,.10047572,.12387554,.12936126,.15542114,.12224197,.09517765,.04194307,.0082230484,.32375634,.14534377,2,28,50
E07000111,Sevenoaks,2,10,.95276266,.12481781,.11777858,.089199349,.11229628,.13622135,.1454303,.11360475,.098598778,.050516762,.011536041,.33179575,.16065158,2,21,21
E08000019,Sheffield,5,9,.81407607,.11322352,.11978586,.19443552,.12786996,.11532148,.12014663,.089520082,.073256142,.038433656,.0080071539,.42744491,.11969695,8,14,22
E06000051,Shropshire,2,5,.97734827,.098328739,.10672836,.097669527,.10862555,.11952896,.15433134,.13335086,.11543437,.054015659,.01198663,.30272663,.18143666,4,25,35
E06000039,Slough,4,10,.43453023,.17200907,.13754706,.11206672,.17249727,.15131046,.11091642,.075197123,.041798472,.021788707,.0048686857,.42162284,.068455867,2,10,8
E08000029,Solihull,6,9,.87766147,.12138186,.11812363,.10784518,.11652455,.12566146,.14347313,.10816869,.096841134,.049844019,.012136337,.34735066,.15882149,8,14,22
E07000246,Somerset West and Taunton,3,3,.97747004,.097247407,.097262815,.092665926,.097765461,.10374394,.14802566,.14939688,.13107193,.065978117,.016841847,.28717613,.21389189,10,12,4
E07000012,South Cambridgeshire,2,10,.9212324,.12297849,.12129402,.085700281,.12516578,.14861628,.14369489,.10791887,.090319984,.043821219,.010490192,.3299728,.1446314,2,21,21
E07000039,South Derbyshire,3,4,.95257008,.11570772,.11532544,.11359123,.12945092,.13569784,.14873244,.11155865,.086058199,.036577065,.0073004952,.3446244,.12993576,10,7,9
E06000025,South Gloucestershire,4,9,.94124144,.1183413,.11245248,.12605044,.13487142,.12741831,.13962738,.10087123,.0869155,.044087321,.0093646096,.35684422,.14036743,9,19,10
E07000044,South Hams,1,7,.98114747,.093538411,.10381534,.077467784,.091492221,.11287375,.16006254,.15522295,.13322067,.059684336,.012621995,.27482152,.20552701,5,9,47
E07000140,South Holland,2,7,.97607064,.11268792,.10016002,.09983366,.11501453,.12146798,.14468144,.1255527,.11337221,.055333305,.01189624,.31268159,.18060176,5,9,45
E07000141,South Kesteven,2,6,.97274166,.1115683,.11264965,.088544041,.11069059,.12809746,.15077063,.12877154,.1094688,.048499104,.010939859,.31276199,.16890776,4,25,45
E07000031,South Lakeland,1,10,.98148817,.085554115,.10272395,.085953861,.09111242,.11539194,.15916359,.14724749,.13244756,.064900823,.015504245,.27423191,.21285263,2,28,40
E07000149,South Norfolk,1,4,.97066593,.11073406,.11063467,.090941362,.11279994,.12892944,.1433551,.12339912,.11268636,.054728098,.01179185,.3123101,.17920631,7,17,37
E07000155,South Northamptonshire,1,6,.96384341,.11592117,.11593175,.09243422,.11287284,.13869895,.15797329,.11722305,.099684581,.04059146,.0086686844,.32428715,.14894472,5,25,45
E07000179,South Oxfordshire,1,9,.95470095,.11946959,.11385296,.092463292,.11880798,.13665029,.14925604,.11059418,.098044738,.049796592,.011064345,.32578585,.15890567,2,28,50
E07000126,South Ribble,4,9,.96673405,.11142197,.11141294,.10578138,.11937295,.12780225,.14803617,.11971589,.10109743,.046171617,.0091873938,.32861629,.15645644,9,19,10
E07000189,South Somerset,2,4,.97824448,.10793406,.10739344,.09398485,.10690034,.11483143,.14600326,.1354879,.11888906,.055244319,.013331353,.30931234,.18746473,10,17,25
E07000196,South Staffordshire,3,1,.95329022,.094380066,.10076575,.10805859,.10526597,.1197805,.15821913,.13065751,.11721022,.055238839,.010423429,.30320442,.18287249,7,23,14
E08000023,South Tyneside,6,1,.95450121,.11275675,.10674235,.11792994,.12632227,.11641971,.14969762,.12548105,.089679472,.045690894,.0092799282,.33742905,.1446503,6,24,5
E06000045,Southampton,4,7,.84693277,.12274525,.11533207,.22805843,.13928632,.10959794,.10687739,.081180722,.059832174,.029712144,.0073775458,.46613574,.096921861,9,26,36
E06000033,Southend-on-Sea,4,1,.90663719,.12453108,.11178093,.10676823,.13186993,.13809484,.13844977,.10413083,.087744012,.044568215,.01206214,.34308022,.14437437,6,15,29
E09000028,Southwark,6,10,.51070136,.12503214,.098965622,.18780383,.21152435,.13483964,.11673012,.066845857,.036385249,.017469687,.0044034901,.41180161,.058258425,8,14,43
E07000213,Spelthorne,6,8,.85610271,.12671134,.10972568,.10130297,.13554467,.14178409,.14348666,.10223437,.083616264,.045899309,.0096946387,.33774,.13921021,1,14,3
E07000240,St Albans,4,6,.87150663,.1369469,.12944314,.088428453,.12814312,.1575115,.13858372,.093702637,.074633397,.042078957,.010528159,.35481849,.12724051,3,5,44
E08000013,St. Helens,6,1,.97832614,.11586169,.1078212,.11694151,.12666541,.12443933,.14223693,.11627147,.097587854,.044842899,.007331687,.34062439,.14976244,6,24,5
E07000197,Stafford,3,4,.94350713,.10435334,.10426592,.11165261,.11859493,.12633856,.14852776,.12021942,.10632749,.049368415,.01035156,.32027185,.16604747,10,7,9
E07000198,Staffordshire Moorlands,2,1,.98523808,.093966208,.10643205,.095439352,.10122017,.12458727,.15833749,.13507198,.12163082,.053398896,.0099157766,.29583761,.18494549,7,20,15
E07000243,Stevenage,4,7,.86440063,.13610026,.11358385,.12228078,.15268593,.12681139,.13961774,.096053362,.066228785,.038134485,.0085034203,.3719649,.11286669,9,26,36
E08000007,Stockport,6,5,.91036147,.12241935,.11288399,.10448346,.12927949,.13105844,.14113906,.11072337,.090562105,.047291726,.010159014,.3397868,.14801285,3,30,33
E06000004,Stockton-on-Tees,4,5,.93809158,.12417661,.11741219,.11650013,.1329273,.12223596,.1414905,.11399704,.082500659,.041209795,.0075498084,.35808894,.13126026,3,16,30
E06000021,Stoke-on-Trent,4,6,.86913973,.13308735,.11667863,.14166419,.13631293,.11764981,.12799741,.10322636,.080662899,.036511067,.006209339,.39143017,.12338331,3,5,44
E07000221,Stratford-on-Avon,1,10,.970007,.10140895,.10442208,.093545586,.10364574,.12369232,.15275525,.12831964,.11959538,.058771532,.013843517,.29937661,.19221042,2,28,40
E07000082,Stroud,3,4,.97613055,.10683319,.11378644,.090925768,.1048656,.13547155,.1555059,.12865171,.10507403,.050348494,.0085373176,.3115454,.16395985,10,7,9
E08000024,Sunderland,6,7,.95358014,.11112391,.10707316,.13277115,.12479566,.11858451,.14239575,.12298452,.089476675,.044349466,.0064452016,.35096821,.14027134,1,30,31
E07000214,Surrey Heath,4,9,.89111036,.11597577,.1190207,.097448759,.11658029,.14529437,.15053342,.10616933,.089366272,.049043424,.010567677,.33244523,.14897737,9,19,10
E09000029,Sutton,6,4,.76886696,.13618411,.11777391,.1026348,.15285942,.15352818,.13473514,.089889653,.068116285,.035744574,.0085339202,.35659283,.11239478,3,6,20
E07000113,Swale,2,3,.96071428,.12819164,.11812367,.11521855,.12458023,.12211487,.14119802,.11108742,.092877135,.038832624,.0077758529,.36153385,.13948561,7,17,4
E06000030,Swindon,4,10,.88828939,.1322131,.11465369,.10876305,.14237435,.14141582,.14263085,.1020624,.072771206,.035591338,.007524177,.35562986,.11588672,2,10,8
E08000008,Tameside,6,1,.8973493,.13005836,.11347602,.12124182,.13379337,.12515783,.14336044,.10584708,.084090486,.036670111,.006304469,.36477619,.12706506,6,24,5
E07000199,Tamworth,4,3,.97015548,.12002972,.11657609,.11552045,.131759,.12916553,.13781914,.1142172,.091058373,.036999386,.0068551172,.35212627,.13491288,10,13,11
E07000215,Tandridge,3,2,.9313693,.12032489,.11509535,.091023564,.11863465,.13509466,.15121436,.11137454,.09566322,.047712501,.013862262,.32644379,.15723798,7,12,46
E07000045,Teignbridge,2,3,.98137033,.10006635,.099164315,.087788224,.10518783,.11534132,.15553783,.14191037,.12334782,.056179691,.015476253,.2870189,.19500376,7,17,4
E06000020,Telford and Wrekin,4,6,.91876638,.1292143,.12257039,.12297069,.13131033,.12866388,.13796535,.10539074,.081194684,.034615044,.0061046123,.37475538,.12191434,3,5,44
E07000076,Tendring,2,8,.9732762,.10196129,.099565975,.095293991,.088981546,.10290986,.14258613,.14310476,.14359611,.067150734,.014849593,.29682127,.22559644,5,9,12
E07000093,Test Valley,3,7,.95331365,.11848353,.10879749,.094086125,.11697751,.13344853,.14935677,.11704092,.10146559,.049381346,.010962184,.32136714,.16180912,4,26,16
E07000083,Tewkesbury,2,9,.96939552,.12128103,.10431011,.09745647,.12390247,.125429,.14511612,.12082833,.10194134,.048712444,.011022677,.32304761,.16167647,2,21,21
E07000114,Thanet,4,1,.95033932,.11722796,.11306315,.10461371,.11109702,.11490948,.13730507,.12696701,.11194971,.051006675,.011860214,.33490482,.17481661,6,27,29
E07000102,Three Rivers,6,9,.85049295,.12513931,.12250321,.10026789,.12553579,.14475997,.14438491,.10263609,.080497213,.043752678,.010522932,.3479104,.13477282,8,14,22
E06000034,Thurrock,6,5,.83938444,.15158764,.12479638,.11731709,.15383027,.14089637,.12773877,.086573981,.063614152,.028116181,.0055291713,.39370111,.097259507,3,30,33
E07000115,Tonbridge and Malling,3,8,.954045,.12538686,.12628736,.099817634,.12019584,.13988544,.14399438,.1044941,.088678859,.042905465,.0083540799,.35149187,.1399384,9,19,12
E06000027,Torbay,4,1,.97149903,.10567304,.099250592,.094597071,.10192967,.1113101,.14880984,.13723475,.12611476,.06055446,.01452573,.2995207,.20119494,6,27,48
E07000046,Torridge,1,1,.98484892,.097998418,.099976555,.086276121,.094188668,.11164024,.15340093,.15770888,.12969258,.056706619,.012410983,.28425109,.19881019,7,1,17
E09000030,Tower Hamlets,6,10,.40196279,.13416722,.11101668,.21151122,.23682347,.13136502,.082030766,.050852362,.026063606,.01347523,.0026944301,.45669514,.042233266,8,14,43
E08000009,Trafford,6,8,.83849043,.13096713,.12586479,.098023109,.13444312,.14464781,.13868174,.099464066,.076316036,.041669827,.0099223908,.35485503,.12790826,1,14,3
E07000116,Tunbridge Wells,3,7,.94293123,.11799484,.12816043,.087321237,.12456415,.14444052,.14731248,.10459515,.087607592,.04497448,.013029124,.33347651,.1456112,4,26,16
E07000077,Uttlesford,1,8,.96146345,.12253463,.12002542,.091525681,.11551104,.13995661,.15367505,.11222388,.09071485,.04280987,.011022966,.33408573,.14454769,5,9,6
E07000180,Vale of White Horse,2,10,.93852466,.12116423,.11406978,.10129244,.1307362,.13361074,.14010234,.10896767,.092389464,.046690978,.010976166,.33652645,.1500566,2,21,21
E08000036,Wakefield,4,3,.94787991,.12295046,.1077715,.11692424,.13390332,.12481087,.14348385,.11300533,.088868856,.040136546,.0081450194,.34764621,.13715042,10,13,11
E08000030,Walsall,6,2,.76362967,.13833193,.12566555,.1248844,.13380621,.12174583,.12895474,.096735321,.079574749,.042528372,.0077728736,.38888189,.12987599,6,4,1
E09000031,Waltham Forest,6,2,.49856308,.14832732,.11225639,.13499072,.19512098,.1436736,.1158523,.073632941,.045898288,.024283167,.0059642866,.39557445,.076145738,6,4,1
E09000032,Wandsworth,6,5,.68197316,.12567715,.08516892,.18777868,.23260315,.13793124,.1002651,.062720284,.042070333,.02116256,.0046225805,.39862475,.067855477,3,30,33
E06000007,Warrington,4,8,.95309085,.11719193,.11395895,.11099736,.1297715,.13348062,.14831233,.10845479,.089175947,.040933613,.0077229636,.34214824,.13783252,9,26,2
E07000222,Warwick,4,10,.88048327,.10760264,.1099952,.17012221,.11578186,.12606847,.13028328,.099590346,.085596643,.043782473,.011176876,.38772005,.14055599,2,10,8
E07000103,Watford,6,9,.6942029,.14416149,.12075569,.11777433,.17034161,.14857143,.1205176,.081273295,.056832299,.032318842,.007453416,.3826915,.096604556,8,14,22
E07000216,Waverley,2,8,.95678777,.11902953,.12866302,.084698804,.10117154,.1416449,.14435209,.10992638,.099445894,.055972453,.015095385,.33239135,.17051373,5,9,12
E07000065,Wealden,1,2,.97233474,.10112965,.10965776,.086470217,.096627153,.12032874,.15486233,.13495721,.12302899,.058643926,.014294031,.29725763,.19596694,7,1,32
E07000156,Wellingborough,3,4,.86235231,.13064803,.12039941,.099601097,.12536691,.13034697,.14057051,.1133621,.092990294,.038698915,.0080157556,.35064852,.13970497,10,7,9
E07000241,Welwyn Hatfield,4,9,.82860255,.12071446,.11798406,.18054754,.1383889,.11862603,.12015375,.087592132,.066008985,.039566386,.010417767,.41924605,.11599314,9,19,10
E06000037,West Berkshire,3,10,.94213343,.12026403,.12509781,.094151504,.115588,.14000303,.15097055,.11440165,.090459906,.040310979,.0087525556,.33951336,.13952345,2,21,10
E07000047,West Devon,1,1,.98343521,.092988655,.10277693,.07891576,.094727598,.11096969,.16331726,.15069647,.13250032,.059357129,.013750202,.27468133,.20560765,7,1,17
E07000127,West Lancashire,3,3,.98016936,.10460295,.12022603,.13380221,.096948862,.11429521,.1456551,.12026103,.10434927,.049659722,.010199619,.35863119,.16420861,10,12,4
E07000142,West Lindsey,1,1,.97977853,.10581236,.10528957,.095137022,.10303113,.11707322,.15523677,.13839254,.11925848,.0511287,.0096402168,.30623895,.1800274,7,1,17
E07000181,West Oxfordshire,1,10,.96385509,.1147707,.10944702,.0972993,.12333014,.13002765,.14629693,.11638858,.099522769,.050226867,.012690034,.32151702,.16243967,2,28,40
E07000245,West Suffolk,2,10,.9341017,.13246346,.10299204,.12470505,.1380713,.11090761,.13038377,.10670125,.095326677,.046662264,.011786563,.36016053,.1537755,2,21,21
E09000033,Westminster,6,10,.58373958,.11013998,.098690502,.16625848,.19517682,.14460321,.11696681,.080509871,.053183429,.027808605,.0066622789,.37508896,.087654315,8,14,43
E08000010,Wigan,6,1,.9692834,.11625827,.1137239,.11440846,.13067646,.12978198,.14681973,.11039546,.094255239,.037078392,.0066021262,.34439063,.13793576,6,24,5
E06000054,Wiltshire,2,9,.96111149,.11601159,.11543962,.095008388,.11662757,.12911309,.14921834,.11899348,.10011619,.048262168,.011209574,.32645959,.15958793,2,21,21
E07000094,Winchester,2,10,.95231879,.1099775,.13108729,.11319682,.10131256,.13010226,.14142595,.11237998,.097076185,.050195802,.013245669,.35426161,.16051766,2,21,21
E06000040,Windsor and Maidenhead,4,10,.84603852,.12131739,.12836397,.090218663,.1271356,.14719887,.14478177,.099523842,.084255159,.045092821,.012111926,.33990002,.14145991,2,10,8
E08000015,Wirral,6,2,.96622115,.11526591,.11268866,.1057224,.11700361,.12122596,.14560944,.12335566,.099163555,.048878051,.011086762,.33367696,.15912837,6,4,1
E07000217,Woking,6,8,.81859392,.13746554,.11809399,.091580868,.13427165,.1551211,.13630502,.099744096,.075056039,.041232716,.011128965,.3471404,.12741771,1,14,3
E06000041,Wokingham,4,10,.86779565,.13002472,.1278217,.091574192,.12691595,.15144131,.14150144,.10014667,.080506518,.040758725,.0093087675,.34942061,.13057402,2,10,8
E08000031,Wolverhampton,6,3,.65325922,.1391588,.11830529,.13143936,.14060928,.12647279,.12712967,.095272265,.072269626,.040651426,.0086914916,.38890344,.12161254,6,2,34
E07000237,Worcester,4,6,.92590839,.11558176,.11617433,.15617315,.12871717,.12557653,.13212448,.09991803,.078565575,.039159335,.0080096396,.38792926,.12573455,3,5,44
E07000229,Worthing,4,8,.92877817,.11012029,.10560731,.096427605,.12172379,.13549787,.14606132,.11240843,.10173646,.055774622,.014642308,.31215519,.17215338,9,26,2
E07000238,Wychavon,1,6,.97430032,.10489267,.10327775,.091872849,.10490812,.12195367,.15388896,.13505849,.11713981,.053678777,.013328903,.30004328,.18414749,5,25,45
E07000128,Wyre,2,1,.98014545,.093615316,.10204792,.096863426,.099825993,.10886539,.15137643,.13927631,.13060278,.064069957,.013456476,.29252666,.20812921,7,20,15
E07000239,Wyre Forest,3,1,.96925539,.10952155,.10107024,.10250182,.10964003,.12216891,.14449184,.12553561,.12108287,.052583773,.011403353,.3130936,.18506999,7,23,14
E06000014,York,4,7,.93758309,.096614003,.11674865,.1913527,.12228911,.11439382,.12318166,.098323144,.083263703,.043792017,.010041209,.40471536,.13709693,9,26,36
